start_time,end_time,duration,label,rms_energy,event_label,scanner_block
399.056,399.168,0.11200000000002319,0,0.0,inactive,2
399.168,399.296,0.1279999999999859,3,0.0,pre,2
399.296,399.55199999999996,0.2559999999999718,0,0.0,scan,2
399.55199999999996,399.74399999999997,0.19200000000000728,2,0.0,post,2
399.74399999999997,399.82399999999996,0.07999999999998408,1,0.0,inactive,2
399.82399999999996,400.08,0.25600000000002865,3,0.0,pre,2
400.08,400.11199999999997,0.031999999999982265,1,0.0,scan,2
400.11199999999997,400.352,0.2400000000000091,0,0.0,post,2
400.352,400.544,0.19200000000000728,2,0.0,inactive,2
400.544,400.656,0.11200000000002319,1,0.0,pre,2
400.656,400.88,0.22399999999998954,3,0.0,scan,2
400.88,400.928,0.04800000000000182,1,0.0,post,2
400.928,401.152,0.22399999999998954,0,0.0,inactive,2
401.152,401.35999999999996,0.20799999999997,2,0.0,pre,2
401.35999999999996,401.728,0.36800000000005184,1,0.0,scan,2
401.728,401.76,0.031999999999982265,2,0.0,post,2
401.76,401.952,0.19200000000000728,0,0.0,inactive,2
401.952,402.144,0.19200000000000728,2,0.0,pre,2
402.144,402.256,0.11199999999996635,1,0.0,scan,2
402.256,402.47999999999996,0.22399999999998954,3,0.0,post,2
402.47999999999996,402.544,0.06400000000002137,1,0.0,inactive,2
402.544,402.752,0.20800000000002683,0,0.0,pre,2
402.752,402.94399999999996,0.19199999999995043,2,0.0,scan,2
402.94399999999996,403.104,0.160000000000025,1,0.0,post,2
403.104,403.248,0.14400000000000546,3,0.0,inactive,2
403.248,403.344,0.09600000000000364,1,0.0,pre,2
403.344,403.55199999999996,0.20799999999997,0,0.0,scan,2
403.55199999999996,403.74399999999997,0.19200000000000728,2,0.0,post,2
403.74399999999997,403.87199999999996,0.1279999999999859,1,0.0,inactive,2
403.87199999999996,403.984,0.11200000000002319,3,0.0,pre,2
403.984,404.11199999999997,0.1279999999999859,1,0.0,scan,2
404.11199999999997,404.15999999999997,0.04800000000000182,2,0.0,post,2
404.15999999999997,404.33599999999996,0.17599999999998772,0,0.0,inactive,2
404.33599999999996,404.544,0.20800000000002683,2,0.0,pre,2
404.544,404.67199999999997,0.1279999999999859,1,0.0,scan,2
404.67199999999997,404.88,0.20800000000002683,3,0.0,post,2
404.88,404.928,0.04800000000000182,1,0.0,inactive,2
404.928,405.168,0.2400000000000091,0,0.0,pre,2
405.168,405.344,0.17599999999998772,2,0.0,scan,2
405.344,405.52,0.17599999999998772,1,0.0,post,2
405.52,405.64799999999997,0.1279999999999859,3,0.0,inactive,2
405.64799999999997,405.74399999999997,0.09600000000000364,1,0.0,pre,2
405.74399999999997,405.952,0.20800000000002683,0,0.0,scan,2
405.952,406.144,0.19200000000000728,2,0.0,post,2
406.144,406.20799999999997,0.06399999999996453,1,0.0,inactive,2
406.20799999999997,406.464,0.25600000000002865,3,0.0,pre,2
406.464,406.52799999999996,0.06399999999996453,1,0.0,scan,2
406.52799999999996,406.752,0.22400000000004638,0,0.0,post,2
406.752,406.94399999999996,0.19199999999995043,2,0.0,inactive,2
406.94399999999996,407.328,0.38400000000001455,1,0.0,pre,2
407.328,407.55199999999996,0.22399999999998954,0,0.0,scan,2
407.55199999999996,407.74399999999997,0.19200000000000728,2,0.0,post,2
407.74399999999997,407.87199999999996,0.1279999999999859,1,0.0,inactive,2
407.87199999999996,408.032,0.160000000000025,3,0.0,pre,2
408.032,408.144,0.11200000000002319,1,0.0,scan,2
408.144,408.33599999999996,0.19199999999995043,0,0.0,post,2
408.33599999999996,408.544,0.20800000000002683,2,0.0,inactive,2
408.544,408.608,0.06400000000002137,1,0.0,pre,2
408.608,408.88,0.27199999999999136,3,0.0,scan,2
408.88,408.928,0.04800000000000182,1,0.0,post,2
408.928,409.152,0.22399999999998954,0,0.0,inactive,2
409.152,409.344,0.19200000000000728,2,0.0,pre,2
409.344,409.728,0.38400000000001455,1,0.0,scan,2
409.728,409.96799999999996,0.23999999999995225,0,0.0,post,2
409.96799999999996,410.144,0.17600000000004457,2,0.0,inactive,2
410.144,410.272,0.1279999999999859,1,0.0,pre,2
410.272,410.448,0.17599999999998772,3,0.0,scan,2
410.448,410.544,0.09600000000000364,1,0.0,post,2
410.544,410.768,0.22399999999998954,0,0.0,inactive,2
410.768,410.94399999999996,0.17599999999998772,2,0.0,pre,2
410.94399999999996,411.024,0.08000000000004093,1,0.0,scan,2
411.024,411.28,0.2559999999999718,3,0.0,post,2
411.28,411.312,0.03200000000003911,1,0.0,inactive,2
411.312,411.568,0.2559999999999718,0,0.0,pre,2
411.568,411.74399999999997,0.17599999999998772,2,0.0,scan,2
411.74399999999997,412.128,0.38400000000001455,1,0.0,post,2
412.128,412.144,0.016000000000019554,2,0.0,inactive,2
412.144,412.368,0.22399999999998954,0,0.0,pre,2
412.368,412.544,0.17599999999998772,2,0.0,scan,2
412.544,412.656,0.11200000000002319,1,0.0,post,2
412.656,412.864,0.20799999999997,3,0.0,inactive,2
412.864,412.94399999999996,0.07999999999998408,1,0.0,pre,2
412.94399999999996,413.152,0.20800000000002683,0,0.0,scan,2
413.152,413.344,0.19200000000000728,2,0.0,post,2
413.344,413.44,0.09600000000000364,1,0.0,inactive,2
413.44,413.69599999999997,0.2559999999999718,3,0.0,pre,2
413.69599999999997,413.728,0.03200000000003911,1,0.0,scan,2
413.728,413.96799999999996,0.23999999999995225,0,0.0,post,2
413.96799999999996,414.144,0.17600000000004457,2,0.0,inactive,2
414.144,414.52799999999996,0.3839999999999577,1,0.0,pre,2
414.52799999999996,414.768,0.2400000000000091,0,0.0,scan,2
414.768,414.94399999999996,0.17599999999998772,2,0.0,post,2
414.94399999999996,415.03999999999996,0.09600000000000364,1,0.0,inactive,2
415.03999999999996,415.28,0.2400000000000091,3,0.0,pre,2
415.28,415.328,0.04800000000000182,1,0.0,scan,2
415.328,415.55199999999996,0.22399999999998954,0,0.0,post,2
415.55199999999996,415.74399999999997,0.19200000000000728,2,0.0,inactive,2
415.74399999999997,415.856,0.11200000000002319,1,0.0,pre,2
415.856,416.06399999999996,0.20799999999997,3,0.0,scan,2
416.06399999999996,416.128,0.06400000000002137,1,0.0,post,2
416.128,416.352,0.22399999999998954,0,0.0,inactive,2
416.352,416.544,0.19200000000000728,2,0.0,pre,2
416.544,416.64,0.09600000000000364,1,0.0,scan,2
416.64,416.816,0.17599999999998772,3,0.0,post,2
416.816,416.928,0.11200000000002319,1,0.0,inactive,2
416.928,417.152,0.22399999999998954,0,0.0,pre,2
417.152,417.344,0.19200000000000728,2,0.0,scan,2
417.344,417.45599999999996,0.11199999999996635,1,0.0,post,2
417.45599999999996,417.68,0.22400000000004638,3,0.0,inactive,2
417.68,417.728,0.04800000000000182,1,0.0,pre,2
417.728,417.952,0.22399999999998954,0,0.0,scan,2
417.952,418.144,0.19200000000000728,2,0.0,post,2
418.144,418.272,0.1279999999999859,1,0.0,inactive,2
418.272,418.43199999999996,0.15999999999996817,3,0.0,pre,2
418.43199999999996,418.544,0.11200000000002319,1,0.0,scan,2
418.544,418.736,0.19200000000000728,0,0.0,post,2
418.736,418.94399999999996,0.20799999999997,2,0.0,inactive,2
418.94399999999996,419.008,0.06400000000002137,1,0.0,pre,2
419.008,419.28,0.27199999999999136,3,0.0,scan,2
419.28,419.328,0.04800000000000182,1,0.0,post,2
419.328,419.55199999999996,0.22399999999998954,0,0.0,inactive,2
419.55199999999996,419.74399999999997,0.19200000000000728,2,0.0,pre,2
419.74399999999997,420.128,0.38400000000001455,1,0.0,scan,2
420.128,420.352,0.22399999999998954,0,0.0,post,2
420.352,420.544,0.19200000000000728,2,0.0,inactive,2
420.544,420.704,0.160000000000025,1,0.0,pre,2
420.704,420.816,0.11199999999996635,3,0.0,scan,2
420.816,420.928,0.11200000000002319,1,0.0,post,2
420.928,420.96,0.031999999999982265,2,0.0,inactive,2
420.96,421.13599999999997,0.17599999999998772,0,0.0,pre,2
421.13599999999997,421.35999999999996,0.22399999999998954,2,0.0,scan,2
421.35999999999996,421.44,0.08000000000004093,1,0.0,post,2
421.44,421.664,0.22399999999998954,3,0.0,inactive,2
421.664,421.728,0.06400000000002137,1,0.0,pre,2
421.728,421.936,0.20799999999997,0,0.0,scan,2
421.936,422.15999999999997,0.22399999999998954,2,0.0,post,2
422.15999999999997,422.52799999999996,0.367999999999995,1,0.0,inactive,2
422.52799999999996,422.544,0.016000000000019554,2,0.0,pre,2
422.544,422.752,0.20800000000002683,0,0.0,scan,2
422.752,422.96,0.20799999999997,2,0.0,post,2
422.96,423.072,0.11200000000002319,1,0.0,inactive,2
423.072,423.23199999999997,0.15999999999996817,3,0.0,pre,2
423.23199999999997,423.344,0.11200000000002319,1,0.0,scan,2
423.344,423.55199999999996,0.20799999999997,0,0.0,post,2
423.55199999999996,423.74399999999997,0.19200000000000728,2,0.0,inactive,2
423.74399999999997,423.84,0.09600000000000364,1,0.0,pre,2
423.84,424.06399999999996,0.22399999999998954,3,0.0,scan,2
424.06399999999996,424.11199999999997,0.04800000000000182,1,0.0,post,2
424.11199999999997,424.368,0.25600000000002865,0,0.0,inactive,2
424.368,424.544,0.17599999999998772,2,0.0,pre,2
424.544,424.94399999999996,0.39999999999997726,1,0.0,scan,2
424.94399999999996,425.168,0.22400000000004638,0,0.0,post,2
425.168,425.344,0.17599999999998772,2,0.0,inactive,2
425.344,425.45599999999996,0.11199999999996635,1,0.0,pre,2
425.45599999999996,425.68,0.22400000000004638,3,0.0,scan,2
425.68,425.74399999999997,0.06399999999996453,1,0.0,post,2
425.74399999999997,425.96799999999996,0.22399999999998954,0,0.0,inactive,2
425.96799999999996,426.144,0.17600000000004457,2,0.0,pre,2
426.144,426.272,0.1279999999999859,1,0.0,scan,2
426.272,426.464,0.19200000000000728,3,0.0,post,2
426.464,426.52799999999996,0.06399999999996453,1,0.0,inactive,2
426.52799999999996,426.768,0.2400000000000091,0,0.0,pre,2
426.768,426.94399999999996,0.17599999999998772,2,0.0,scan,2
426.94399999999996,427.328,0.38400000000001455,1,0.0,post,2
427.328,427.344,0.016000000000019554,2,0.0,inactive,2
427.344,427.55199999999996,0.20799999999997,0,0.0,pre,2
427.55199999999996,427.74399999999997,0.19200000000000728,2,0.0,scan,2
427.74399999999997,427.84,0.09600000000000364,1,0.0,post,2
427.84,428.096,0.25600000000002865,3,0.0,inactive,2
428.096,428.128,0.031999999999982265,1,0.0,pre,2
428.128,428.368,0.2400000000000091,0,0.0,scan,2
428.368,428.544,0.17599999999998772,2,0.0,post,2
428.544,428.67199999999997,0.1279999999999859,1,0.0,inactive,2
428.67199999999997,428.84799999999996,0.17599999999998772,3,0.0,pre,2
428.84799999999996,428.94399999999996,0.09600000000000364,1,0.0,scan,2
428.94399999999996,429.152,0.20800000000002683,0,0.0,post,2
429.152,429.344,0.19200000000000728,2,0.0,inactive,2
429.344,429.424,0.07999999999998408,1,0.0,pre,2
429.424,429.64799999999997,0.22399999999998954,3,0.0,scan,2
429.64799999999997,429.728,0.08000000000004093,1,0.0,post,2
429.728,429.96799999999996,0.23999999999995225,0,0.0,inactive,2
429.96799999999996,430.144,0.17600000000004457,2,0.0,pre,2
430.144,430.352,0.20799999999997,1,0.0,scan,2
430.352,430.448,0.09600000000000364,3,0.0,post,2
430.448,430.52799999999996,0.07999999999998408,1,0.0,inactive,2
430.52799999999996,430.752,0.22400000000004638,0,0.0,pre,2
430.752,430.94399999999996,0.19199999999995043,2,0.0,scan,2
430.94399999999996,431.08799999999997,0.14400000000000546,1,0.0,post,2
431.08799999999997,431.23199999999997,0.14400000000000546,3,0.0,inactive,2
431.23199999999997,431.344,0.11200000000002319,1,0.0,pre,2
431.344,431.568,0.22399999999998954,0,0.0,scan,2
431.568,431.74399999999997,0.17599999999998772,2,0.0,post,2
431.74399999999997,431.808,0.06400000000002137,1,0.0,inactive,2
431.808,432.08,0.27199999999999136,3,0.0,pre,2
432.08,432.128,0.04800000000000182,1,0.0,scan,2
432.128,432.352,0.22399999999998954,0,0.0,post,2
432.352,432.544,0.19200000000000728,2,0.0,inactive,2
432.544,432.928,0.38400000000001455,1,0.0,pre,2
432.928,433.168,0.2400000000000091,0,0.0,scan,2
433.168,433.344,0.17599999999998772,2,0.0,post,2
433.344,433.45599999999996,0.11199999999996635,1,0.0,inactive,2
433.45599999999996,433.64799999999997,0.19200000000000728,3,0.0,pre,2
433.64799999999997,433.74399999999997,0.09600000000000364,1,0.0,scan,2
433.74399999999997,433.952,0.20800000000002683,0,0.0,post,2
433.952,434.144,0.19200000000000728,2,0.0,inactive,2
434.144,434.224,0.07999999999998408,1,0.0,pre,2
434.224,434.47999999999996,0.2559999999999718,3,0.0,scan,2
434.47999999999996,434.512,0.03200000000003911,1,0.0,post,2
434.512,434.768,0.2559999999999718,0,0.0,inactive,2
434.768,434.94399999999996,0.17599999999998772,2,0.0,pre,2
434.94399999999996,435.328,0.38400000000001455,1,0.0,scan,2
435.328,435.344,0.016000000000019554,2,0.0,post,2
435.344,435.568,0.22399999999998954,0,0.0,inactive,2
435.568,435.74399999999997,0.17599999999998772,2,0.0,pre,2
435.74399999999997,435.84,0.09600000000000364,1,0.0,scan,2
435.84,436.048,0.20800000000002683,3,0.0,post,2
436.048,436.128,0.07999999999998408,1,0.0,inactive,2
436.128,436.15999999999997,0.031999999999982265,2,0.0,pre,2
436.15999999999997,436.368,0.20800000000002683,0,0.0,scan,2
436.368,436.544,0.17599999999998772,2,0.0,post,2
436.544,436.64,0.09600000000000364,1,0.0,inactive,2
436.64,436.88,0.2400000000000091,3,0.0,pre,2
436.88,436.912,0.031999999999982265,1,0.0,scan,2
436.912,437.168,0.25600000000002865,0,0.0,post,2
437.168,437.344,0.17599999999998772,2,0.0,inactive,2
437.344,437.72799999999995,0.3839999999999577,1,0.0,pre,2
437.72799999999995,437.74399999999997,0.016000000000019554,2,0.0,scan,2
437.74399999999997,437.96799999999996,0.22399999999998954,0,0.0,post,2
437.96799999999996,438.144,0.17600000000004457,2,0.0,inactive,2
438.144,438.256,0.11199999999996635,1,0.0,pre,2
438.256,438.464,0.20800000000002683,3,0.0,scan,2
438.464,438.544,0.07999999999998408,1,0.0,post,2
438.544,438.75199999999995,0.20799999999997,0,0.0,inactive,2
438.75199999999995,438.94399999999996,0.19200000000000728,2,0.0,pre,2
438.94399999999996,439.072,0.12800000000004275,1,0.0,scan,2
439.072,439.28,0.20799999999997,3,0.0,post,2
439.28,439.328,0.04800000000000182,1,0.0,inactive,2
439.328,439.568,0.2400000000000091,0,0.0,pre,2
439.568,439.74399999999997,0.17599999999998772,2,0.0,scan,2
439.74399999999997,439.84,0.09600000000000364,1,0.0,post,2
439.84,440.01599999999996,0.17599999999998772,3,0.0,inactive,2
440.01599999999996,440.128,0.11200000000002319,1,0.0,pre,2
440.128,440.144,0.016000000000019554,2,0.0,scan,2
440.144,440.352,0.20799999999997,0,0.0,post,2
440.352,440.56,0.20800000000002683,2,0.0,inactive,2
440.56,440.67199999999997,0.11199999999996635,1,0.0,pre,2
440.67199999999997,440.88,0.20800000000002683,3,0.0,scan,2
440.88,440.928,0.04800000000000182,1,0.0,post,2
440.928,441.168,0.2400000000000091,0,0.0,inactive,2
441.168,441.344,0.17599999999998772,2,0.0,pre,2
441.344,441.488,0.14400000000000546,1,0.0,scan,2
441.488,441.64799999999997,0.15999999999996817,3,0.0,post,2
441.64799999999997,441.74399999999997,0.09600000000000364,1,0.0,inactive,2
441.74399999999997,441.96799999999996,0.22399999999998954,0,0.0,pre,2
441.96799999999996,442.144,0.17600000000004457,2,0.0,scan,2
442.144,442.224,0.07999999999998408,1,0.0,post,2
442.224,442.448,0.22399999999998954,3,0.0,inactive,2
442.448,442.52799999999996,0.07999999999998408,1,0.0,pre,2
442.52799999999996,442.768,0.2400000000000091,0,0.0,scan,2
442.768,442.94399999999996,0.17599999999998772,2,0.0,post,2
442.94399999999996,443.13599999999997,0.19200000000000728,1,0.0,inactive,2
443.13599999999997,443.264,0.12800000000004275,3,0.0,pre,2
443.264,443.328,0.06399999999996453,1,0.0,scan,2
443.328,443.568,0.2400000000000091,0,0.0,post,2
443.568,443.74399999999997,0.17599999999998772,2,0.0,inactive,2
443.74399999999997,443.856,0.11200000000002319,1,0.0,pre,2
443.856,444.048,0.19200000000000728,3,0.0,scan,2
444.048,444.144,0.09600000000000364,1,0.0,post,2
444.144,444.352,0.20799999999997,0,0.0,inactive,2
444.352,444.544,0.19200000000000728,2,0.0,pre,2
444.544,444.608,0.06400000000002137,1,0.0,scan,2
444.608,444.88,0.27199999999999136,3,0.0,post,2
444.88,444.928,0.04800000000000182,1,0.0,inactive,2
444.928,445.152,0.22399999999998954,0,0.0,pre,2
445.152,445.344,0.19200000000000728,2,0.0,scan,2
445.344,445.72799999999995,0.3839999999999577,1,0.0,post,2
445.72799999999995,445.952,0.22400000000004638,0,0.0,inactive,2
445.952,446.15999999999997,0.20799999999997,2,0.0,pre,2
446.15999999999997,446.256,0.09600000000000364,1,0.0,scan,2
446.256,446.464,0.20800000000002683,3,0.0,post,2
446.464,446.544,0.07999999999998408,1,0.0,inactive,2
446.544,446.75199999999995,0.20799999999997,0,0.0,pre,2
446.75199999999995,446.94399999999996,0.19200000000000728,2,0.0,scan,2
446.94399999999996,447.024,0.08000000000004093,1,0.0,post,2
447.024,447.28,0.2559999999999718,3,0.0,inactive,2
447.28,447.312,0.03200000000003911,1,0.0,pre,2
447.312,447.568,0.2559999999999718,0,0.0,scan,2
447.568,447.76,0.19200000000000728,2,0.0,post,2
447.76,448.128,0.367999999999995,1,0.0,inactive,2
448.128,448.144,0.016000000000019554,2,0.0,pre,2
448.144,448.352,0.20799999999997,0,0.0,scan,2
448.352,448.544,0.19200000000000728,2,0.0,post,2
448.544,448.64,0.09600000000000364,1,0.0,inactive,2
448.64,448.864,0.22399999999998954,3,0.0,pre,2
448.864,448.94399999999996,0.07999999999998408,1,0.0,scan,2
448.94399999999996,449.152,0.20800000000002683,0,0.0,post,2
449.152,449.344,0.19200000000000728,2,0.0,inactive,2
449.344,449.44,0.09600000000000364,1,0.0,pre,2
449.44,449.69599999999997,0.2559999999999718,3,0.0,scan,2
449.69599999999997,449.712,0.016000000000019554,1,0.0,post,2
449.712,449.96799999999996,0.2559999999999718,0,0.0,inactive,2
449.96799999999996,450.144,0.17600000000004457,2,0.0,pre,2
450.144,450.512,0.367999999999995,1,0.0,scan,2
450.512,450.544,0.031999999999982265,2,0.0,post,2
450.544,450.768,0.22399999999998954,0,0.0,inactive,2
450.768,450.94399999999996,0.17599999999998772,2,0.0,pre,2
450.94399999999996,451.056,0.11200000000002319,1,0.0,scan,2
451.056,451.264,0.20800000000002683,3,0.0,post,2
451.264,451.344,0.07999999999998408,1,0.0,inactive,2
451.344,451.536,0.19200000000000728,0,0.0,pre,2
451.536,451.74399999999997,0.20799999999997,2,0.0,scan,2
451.74399999999997,451.856,0.11200000000002319,1,0.0,post,2
451.856,452.08,0.22399999999998954,3,0.0,inactive,2
452.08,452.128,0.04800000000000182,1,0.0,pre,2
452.128,452.368,0.2400000000000091,0,0.0,scan,2
452.368,452.544,0.17599999999998772,2,0.0,post,2
452.544,452.62399999999997,0.07999999999998408,1,0.0,inactive,2
452.62399999999997,452.832,0.20800000000002683,3,0.0,pre,2
452.832,452.928,0.09600000000000364,1,0.0,scan,2
452.928,453.168,0.2400000000000091,0,0.0,post,2
453.168,453.344,0.17599999999998772,2,0.0,inactive,2
453.344,453.472,0.1279999999999859,1,0.0,pre,2
453.472,453.68,0.20800000000002683,3,0.0,scan,2
453.68,453.72799999999995,0.047999999999944976,1,0.0,post,2
453.72799999999995,453.952,0.22400000000004638,0,0.0,inactive,2
453.952,454.144,0.19200000000000728,2,0.0,pre,2
454.144,454.272,0.1279999999999859,1,0.0,scan,2
454.272,454.43199999999996,0.15999999999996817,3,0.0,post,2
454.43199999999996,454.544,0.11200000000002319,1,0.0,inactive,2
454.544,454.768,0.22399999999998954,0,0.0,pre,2
454.768,454.94399999999996,0.17599999999998772,2,0.0,scan,2
454.94399999999996,455.008,0.06400000000002137,1,0.0,post,2
455.008,455.264,0.25600000000002865,3,0.0,inactive,2
455.264,455.328,0.06399999999996453,1,0.0,pre,2
455.328,455.55199999999996,0.22399999999998954,0,0.0,scan,2
455.55199999999996,455.74399999999997,0.19200000000000728,2,0.0,post,2
455.74399999999997,456.128,0.38400000000001455,1,0.0,inactive,2
456.128,456.368,0.2400000000000091,0,0.0,pre,2
456.368,456.544,0.17599999999998772,2,0.0,scan,2
456.544,456.67199999999997,0.1279999999999859,1,0.0,post,2
456.67199999999997,456.832,0.160000000000025,3,0.0,inactive,2
456.832,456.94399999999996,0.11199999999996635,1,0.0,pre,2
456.94399999999996,457.168,0.22400000000004638,0,0.0,scan,2
457.168,457.344,0.17599999999998772,2,0.0,post,2
457.344,457.424,0.07999999999998408,1,0.0,inactive,2
457.424,457.68,0.25600000000002865,3,0.0,pre,2
457.68,457.72799999999995,0.047999999999944976,1,0.0,scan,2
457.72799999999995,457.96799999999996,0.2400000000000091,0,0.0,post,2
457.96799999999996,458.144,0.17600000000004457,2,0.0,inactive,2
458.144,458.544,0.39999999999997726,1,0.0,pre,2
458.544,458.768,0.22399999999998954,0,0.0,scan,2
458.768,458.94399999999996,0.17599999999998772,2,0.0,post,2
458.94399999999996,459.056,0.11200000000002319,1,0.0,inactive,2
459.056,459.248,0.19200000000000728,3,0.0,pre,2
459.248,459.344,0.09600000000000364,1,0.0,scan,2
459.344,459.55199999999996,0.20799999999997,0,0.0,post,2
459.55199999999996,459.74399999999997,0.19200000000000728,2,0.0,inactive,2
459.74399999999997,459.82399999999996,0.07999999999998408,1,0.0,pre,2
459.82399999999996,460.096,0.2720000000000482,3,0.0,scan,2
460.096,460.11199999999997,0.01599999999996271,1,0.0,post,2
460.11199999999997,460.384,0.2720000000000482,0,0.0,inactive,2
460.384,460.544,0.15999999999996817,2,0.0,pre,2
460.544,460.928,0.38400000000001455,1,0.0,scan,2
460.928,460.94399999999996,0.01599999999996271,2,0.0,post,2
460.94399999999996,461.168,0.22400000000004638,0,0.0,inactive,2
461.168,461.344,0.17599999999998772,2,0.0,pre,2
461.344,461.424,0.07999999999998408,1,0.0,scan,2
461.424,461.68,0.25600000000002865,3,0.0,post,2
461.68,461.74399999999997,0.06399999999996453,1,0.0,inactive,2
461.74399999999997,461.96799999999996,0.22399999999998954,0,0.0,pre,2
461.96799999999996,462.144,0.17600000000004457,2,0.0,scan,2
462.144,462.24,0.09600000000000364,1,0.0,post,2
462.24,462.496,0.2559999999999718,3,0.0,inactive,2
462.496,462.52799999999996,0.031999999999982265,1,0.0,pre,2
462.52799999999996,462.75199999999995,0.22399999999998954,0,0.0,scan,2
462.75199999999995,462.94399999999996,0.19200000000000728,2,0.0,post,2
462.94399999999996,463.328,0.38400000000001455,1,0.0,inactive,2
463.328,463.344,0.016000000000019554,2,0.0,pre,2
463.344,463.568,0.22399999999998954,0,0.0,scan,2
463.568,463.74399999999997,0.17599999999998772,2,0.0,post,2
463.74399999999997,463.856,0.11200000000002319,1,0.0,inactive,2
463.856,464.08,0.22399999999998954,3,0.0,pre,2
464.08,464.144,0.06400000000002137,1,0.0,scan,2
464.144,464.368,0.22399999999998954,0,0.0,post,2
464.368,464.544,0.17599999999998772,2,0.0,inactive,2
464.544,464.67199999999997,0.1279999999999859,1,0.0,pre,2
464.67199999999997,464.864,0.19200000000000728,3,0.0,scan,2
464.864,464.94399999999996,0.07999999999998408,1,0.0,post,2
464.94399999999996,465.13599999999997,0.19200000000000728,0,0.0,inactive,2
465.13599999999997,465.344,0.20800000000002683,2,0.0,pre,2
465.344,465.424,0.07999999999998408,1,0.0,scan,2
465.424,465.63199999999995,0.20799999999997,3,0.0,post,2
465.63199999999995,465.72799999999995,0.09600000000000364,1,0.0,inactive,2
465.72799999999995,465.96799999999996,0.2400000000000091,0,0.0,pre,2
465.96799999999996,466.15999999999997,0.19200000000000728,2,0.0,scan,2
466.15999999999997,466.304,0.14400000000000546,1,0.0,post,2
466.304,466.48,0.17600000000004457,3,0.0,inactive,2
466.48,466.52799999999996,0.047999999999944976,1,0.0,pre,2
466.52799999999996,466.768,0.2400000000000091,0,0.0,scan,2
466.768,466.94399999999996,0.17599999999998772,2,0.0,post,2
466.94399999999996,467.072,0.12800000000004275,1,0.0,inactive,2
467.072,467.248,0.17599999999998772,3,0.0,pre,2
467.248,467.344,0.09600000000000364,1,0.0,scan,2
467.344,467.568,0.22399999999998954,0,0.0,post,2
467.568,467.74399999999997,0.17599999999998772,2,0.0,inactive,2
467.74399999999997,467.808,0.06400000000002137,1,0.0,pre,2
467.808,468.08,0.27199999999999136,3,0.0,scan,2
468.08,468.128,0.04800000000000182,1,0.0,post,2
468.128,468.368,0.2400000000000091,0,0.0,inactive,2
468.368,468.544,0.17599999999998772,2,0.0,pre,2
468.544,468.928,0.38400000000001455,1,0.0,scan,2
468.928,469.152,0.22399999999998954,0,0.0,post,2
469.152,469.344,0.19200000000000728,2,0.0,inactive,2
469.344,469.456,0.11200000000002319,1,0.0,pre,2
469.456,469.64799999999997,0.19199999999995043,3,0.0,scan,2
469.64799999999997,469.74399999999997,0.09600000000000364,1,0.0,post,2
469.74399999999997,469.952,0.20800000000002683,0,0.0,inactive,2
469.952,470.144,0.19200000000000728,2,0.0,pre,2
470.144,470.20799999999997,0.06399999999996453,1,0.0,scan,2
470.20799999999997,470.496,0.2880000000000109,3,0.0,post,2
470.496,470.512,0.016000000000019554,1,0.0,inactive,2
470.512,470.768,0.2559999999999718,0,0.0,pre,2
470.768,470.94399999999996,0.17599999999998772,2,0.0,scan,2
470.94399999999996,471.328,0.38400000000001455,1,0.0,post,2
471.328,471.568,0.2400000000000091,0,0.0,inactive,2
471.568,471.74399999999997,0.17599999999998772,2,0.0,pre,2
471.74399999999997,471.82399999999996,0.07999999999998408,1,0.0,scan,2
471.82399999999996,472.06399999999996,0.2400000000000091,3,0.0,post,2
472.06399999999996,472.144,0.08000000000004093,1,0.0,inactive,2
472.144,472.352,0.20799999999997,0,0.0,pre,2
472.352,472.544,0.19200000000000728,2,0.0,scan,2
472.544,472.62399999999997,0.07999999999998408,1,0.0,post,2
472.62399999999997,472.88,0.25600000000002865,3,0.0,inactive,2
472.88,472.912,0.031999999999982265,1,0.0,pre,2
472.912,473.168,0.25600000000002865,0,0.0,scan,2
473.168,473.344,0.17599999999998772,2,0.0,post,2
473.344,473.74399999999997,0.39999999999997726,1,0.0,inactive,2
473.74399999999997,473.96799999999996,0.22399999999998954,0,0.0,pre,2
473.96799999999996,474.144,0.17600000000004457,2,0.0,scan,2
474.144,474.24,0.09600000000000364,1,0.0,post,2
474.24,474.48,0.2400000000000091,3,0.0,inactive,2
474.48,474.544,0.06399999999996453,1,0.0,pre,2
474.544,474.75199999999995,0.20799999999997,0,0.0,scan,2
474.75199999999995,474.94399999999996,0.19200000000000728,2,0.0,post,2
474.94399999999996,475.03999999999996,0.09600000000000364,1,0.0,inactive,2
475.03999999999996,475.296,0.25600000000002865,3,0.0,pre,2
475.296,475.328,0.031999999999982265,1,0.0,scan,2
475.328,475.55199999999996,0.22399999999998954,0,0.0,post,2
475.55199999999996,475.74399999999997,0.19200000000000728,2,0.0,inactive,2
475.74399999999997,475.856,0.11200000000002319,1,0.0,pre,2
475.856,475.984,0.1279999999999859,3,0.0,scan,2
475.984,476.128,0.14400000000000546,1,0.0,post,2
476.128,476.144,0.016000000000019554,2,0.0,inactive,2
476.144,476.368,0.22399999999998954,0,0.0,pre,2
476.368,476.544,0.17599999999998772,2,0.0,scan,2
476.544,476.64,0.09600000000000364,1,0.0,post,2
476.64,476.88,0.2400000000000091,3,0.0,inactive,2
476.88,476.94399999999996,0.06399999999996453,1,0.0,pre,2
476.94399999999996,477.152,0.20800000000002683,0,0.0,scan,2
477.152,477.344,0.19200000000000728,2,0.0,post,2
477.344,477.488,0.14400000000000546,1,0.0,inactive,2
477.488,477.664,0.17599999999998772,3,0.0,pre,2
477.664,477.74399999999997,0.07999999999998408,1,0.0,scan,2
477.74399999999997,477.96799999999996,0.22399999999998954,0,0.0,post,2
477.96799999999996,478.144,0.17600000000004457,2,0.0,inactive,2
478.144,478.224,0.07999999999998408,1,0.0,pre,2
478.224,478.464,0.2400000000000091,3,0.0,scan,2
478.464,478.544,0.07999999999998408,1,0.0,post,2
478.544,478.75199999999995,0.20799999999997,0,0.0,inactive,2
478.75199999999995,478.94399999999996,0.19200000000000728,2,0.0,pre,2
478.94399999999996,479.152,0.20800000000002683,1,0.0,scan,2
479.152,479.28,0.1279999999999859,3,0.0,post,2
479.28,479.328,0.04800000000000182,1,0.0,inactive,2
479.328,479.568,0.2400000000000091,0,0.0,pre,2
479.568,479.74399999999997,0.17599999999998772,2,0.0,scan,2
479.74399999999997,479.856,0.11200000000002319,1,0.0,post,2
479.856,480.048,0.19200000000000728,3,0.0,inactive,2
480.048,480.144,0.09600000000000364,1,0.0,pre,2
480.144,480.352,0.20799999999997,0,0.0,scan,2
480.352,480.544,0.19200000000000728,2,0.0,post,2
480.544,480.62399999999997,0.07999999999998408,1,0.0,inactive,2
480.62399999999997,480.88,0.25600000000002865,3,0.0,pre,2
480.88,480.928,0.04800000000000182,1,0.0,scan,2
480.928,481.168,0.2400000000000091,0,0.0,post,2
481.168,481.344,0.17599999999998772,2,0.0,inactive,2
481.344,481.72799999999995,0.3839999999999577,1,0.0,pre,2
481.72799999999995,481.96799999999996,0.2400000000000091,0,0.0,scan,2
481.96799999999996,482.144,0.17600000000004457,2,0.0,post,2
482.144,482.256,0.11199999999996635,1,0.0,inactive,2
482.256,482.448,0.19200000000000728,3,0.0,pre,2
482.448,482.544,0.09600000000000364,1,0.0,scan,2
482.544,482.75199999999995,0.20799999999997,0,0.0,post,2
482.75199999999995,482.94399999999996,0.19200000000000728,2,0.0,inactive,2
482.94399999999996,483.024,0.08000000000004093,1,0.0,pre,2
483.024,483.28,0.2559999999999718,3,0.0,scan,2
483.28,483.312,0.03200000000003911,1,0.0,post,2
483.312,483.568,0.2559999999999718,0,0.0,inactive,2
483.568,483.74399999999997,0.17599999999998772,2,0.0,pre,2
483.74399999999997,484.128,0.38400000000001455,1,0.0,scan,2
484.128,484.144,0.016000000000019554,2,0.0,post,2
484.144,484.368,0.22399999999998954,0,0.0,inactive,2
484.368,484.544,0.17599999999998772,2,0.0,pre,2
484.544,484.64,0.09600000000000364,1,0.0,scan,2
484.64,484.864,0.22399999999998954,3,0.0,post,2
484.864,484.94399999999996,0.07999999999998408,1,0.0,inactive,2
484.94399999999996,485.168,0.22400000000004638,0,0.0,pre,2
485.168,485.344,0.17599999999998772,2,0.0,scan,2
485.344,485.456,0.11200000000002319,1,0.0,post,2
485.456,485.67999999999995,0.2239999999999327,3,0.0,inactive,2
485.67999999999995,485.712,0.03200000000003911,1,0.0,pre,2
485.712,485.96799999999996,0.2559999999999718,0,0.0,scan,2
485.96799999999996,486.144,0.17600000000004457,2,0.0,post,2
486.144,486.544,0.39999999999997726,1,0.0,inactive,2
486.544,486.75199999999995,0.20799999999997,0,0.0,pre,2
486.75199999999995,486.94399999999996,0.19200000000000728,2,0.0,scan,2
486.94399999999996,487.03999999999996,0.09600000000000364,1,0.0,post,2
487.03999999999996,487.28,0.2400000000000091,3,0.0,inactive,2
487.28,487.344,0.06400000000002137,1,0.0,pre,2
487.344,487.55199999999996,0.20799999999997,0,0.0,scan,2
487.55199999999996,487.74399999999997,0.19200000000000728,2,0.0,post,2
487.74399999999997,487.856,0.11200000000002319,1,0.0,inactive,2
487.856,488.08,0.22399999999998954,3,0.0,pre,2
488.08,488.128,0.04800000000000182,1,0.0,scan,2
488.128,488.352,0.22399999999998954,0,0.0,post,2
488.352,488.544,0.19200000000000728,2,0.0,inactive,2
488.544,488.65599999999995,0.11199999999996635,1,0.0,pre,2
488.65599999999995,488.79999999999995,0.14400000000000546,3,0.0,scan,2
488.79999999999995,488.928,0.12800000000004275,1,0.0,post,2
488.928,488.94399999999996,0.01599999999996271,2,0.0,inactive,2
488.94399999999996,489.152,0.20800000000002683,0,0.0,pre,2
489.152,489.344,0.19200000000000728,2,0.0,scan,2
489.344,489.472,0.1279999999999859,1,0.0,post,2
489.472,489.664,0.19200000000000728,3,0.0,inactive,2
489.664,489.74399999999997,0.07999999999998408,1,0.0,pre,2
489.74399999999997,489.936,0.19200000000000728,0,0.0,scan,2
489.936,490.144,0.20800000000002683,2,0.0,post,2
490.144,490.288,0.14400000000000546,1,0.0,inactive,2
490.288,490.448,0.15999999999996817,3,0.0,pre,2
490.448,490.544,0.09600000000000364,1,0.0,scan,2
490.544,490.736,0.19200000000000728,0,0.0,post,2
490.736,490.94399999999996,0.20799999999997,2,0.0,inactive,2
490.94399999999996,491.024,0.08000000000004093,1,0.0,pre,2
491.024,491.264,0.2400000000000091,3,0.0,scan,2
491.264,491.328,0.06399999999996453,1,0.0,post,2
491.328,491.568,0.2400000000000091,0,0.0,inactive,2
491.568,491.74399999999997,0.17599999999998772,2,0.0,pre,2
491.74399999999997,491.984,0.2400000000000091,1,0.0,scan,2
491.984,492.048,0.06400000000002137,3,0.0,post,2
492.048,492.128,0.07999999999998408,1,0.0,inactive,2
492.128,492.368,0.2400000000000091,0,0.0,pre,2
492.368,492.544,0.17599999999998772,2,0.0,scan,2
492.544,492.65599999999995,0.11199999999996635,1,0.0,post,2
492.65599999999995,492.84799999999996,0.19200000000000728,3,0.0,inactive,2
492.84799999999996,492.94399999999996,0.09600000000000364,1,0.0,pre,2
492.94399999999996,493.13599999999997,0.19200000000000728,0,0.0,scan,2
493.13599999999997,493.344,0.20800000000002683,2,0.0,post,2
493.344,493.424,0.07999999999998408,1,0.0,inactive,2
493.424,493.67999999999995,0.2559999999999718,3,0.0,pre,2
493.67999999999995,493.72799999999995,0.04800000000000182,1,0.0,scan,2
493.72799999999995,493.96799999999996,0.2400000000000091,0,0.0,post,2
493.96799999999996,494.144,0.17600000000004457,2,0.0,inactive,2
494.144,494.52799999999996,0.3839999999999577,1,0.0,pre,2
494.52799999999996,494.768,0.2400000000000091,0,0.0,scan,2
494.768,494.94399999999996,0.17599999999998772,2,0.0,post,2
494.94399999999996,495.03999999999996,0.09600000000000364,1,0.0,inactive,2
495.03999999999996,495.248,0.20800000000002683,3,0.0,pre,2
495.248,495.344,0.09600000000000364,1,0.0,scan,2
495.344,495.36,0.016000000000019554,2,0.0,post,2
495.36,495.55199999999996,0.19199999999995043,0,0.0,inactive,2
495.55199999999996,495.74399999999997,0.19200000000000728,2,0.0,pre,2
495.74399999999997,495.84,0.09600000000000364,1,0.0,scan,2
495.84,496.08,0.2400000000000091,3,0.0,post,2
496.08,496.11199999999997,0.031999999999982265,1,0.0,inactive,2
496.11199999999997,496.368,0.25600000000002865,0,0.0,pre,2
496.368,496.544,0.17599999999998772,2,0.0,scan,2
496.544,496.94399999999996,0.39999999999997726,1,0.0,post,2
496.94399999999996,497.168,0.22400000000004638,0,0.0,inactive,2
497.168,497.344,0.17599999999998772,2,0.0,pre,2
497.344,497.424,0.07999999999998408,1,0.0,scan,2
497.424,497.664,0.2400000000000091,3,0.0,post,2
497.664,497.74399999999997,0.07999999999998408,1,0.0,inactive,2
497.74399999999997,497.76,0.016000000000019554,2,0.0,pre,2
497.76,497.936,0.17599999999998772,0,0.0,scan,2
497.936,498.144,0.20800000000002683,2,0.0,post,2
498.144,498.256,0.11199999999996635,1,0.0,inactive,2
498.256,498.496,0.2400000000000091,3,0.0,pre,2
498.496,498.512,0.016000000000019554,1,0.0,scan,2
498.512,498.768,0.2559999999999718,0,0.0,post,2
498.768,498.94399999999996,0.17599999999998772,2,0.0,inactive,2
498.94399999999996,499.328,0.38400000000001455,1,0.0,pre,2
499.328,499.568,0.2400000000000091,0,0.0,scan,2
499.568,499.74399999999997,0.17599999999998772,2,0.0,post,2
499.74399999999997,499.84,0.09600000000000364,1,0.0,inactive,2
499.84,500.08,0.2400000000000091,3,0.0,pre,2
500.08,500.144,0.06400000000002137,1,0.0,scan,2
500.144,500.352,0.20799999999997,0,0.0,post,2
500.352,500.544,0.19200000000000728,2,0.0,inactive,2
500.544,500.65599999999995,0.11199999999996635,1,0.0,pre,2
500.65599999999995,500.864,0.20800000000002683,3,0.0,scan,2
500.864,500.928,0.06400000000002137,1,0.0,post,2
500.928,501.168,0.2400000000000091,0,0.0,inactive,2
501.168,501.344,0.17599999999998772,2,0.0,pre,2
501.344,501.424,0.07999999999998408,1,0.0,scan,2
501.424,501.64799999999997,0.22399999999998954,3,0.0,post,2
501.64799999999997,501.72799999999995,0.07999999999998408,1,0.0,inactive,2
501.72799999999995,501.96799999999996,0.2400000000000091,0,0.0,pre,2
501.96799999999996,502.144,0.17600000000004457,2,0.0,scan,2
502.144,502.288,0.14400000000000546,1,0.0,post,2
502.288,502.48,0.19200000000000728,3,0.0,inactive,2
502.48,502.52799999999996,0.047999999999944976,1,0.0,pre,2
502.52799999999996,502.784,0.25600000000002865,0,0.0,scan,2
502.784,502.94399999999996,0.15999999999996817,2,0.0,post,2
502.94399999999996,503.056,0.11200000000002319,1,0.0,inactive,2
503.056,503.248,0.19200000000000728,3,0.0,pre,2
503.248,503.344,0.09600000000000364,1,0.0,scan,2
503.344,503.568,0.22399999999998954,0,0.0,post,2
503.568,503.74399999999997,0.17599999999998772,2,0.0,inactive,2
503.74399999999997,503.808,0.06400000000002137,1,0.0,pre,2
503.808,504.08,0.27199999999999136,3,0.0,scan,2
504.08,504.128,0.04800000000000182,1,0.0,post,2
504.128,504.352,0.22399999999998954,0,0.0,inactive,2
504.352,504.544,0.19200000000000728,2,0.0,pre,2
504.544,504.928,0.38400000000001455,1,0.0,scan,2
504.928,505.168,0.2400000000000091,0,0.0,post,2
505.168,505.344,0.17599999999998772,2,0.0,inactive,2
505.344,505.44,0.09600000000000364,1,0.0,pre,2
505.44,505.64799999999997,0.20799999999997,3,0.0,scan,2
505.64799999999997,505.74399999999997,0.09600000000000364,1,0.0,post,2
505.74399999999997,505.952,0.20800000000002683,0,0.0,inactive,2
505.952,506.144,0.19200000000000728,2,0.0,pre,2
506.144,506.20799999999997,0.06399999999996453,1,0.0,scan,2
506.20799999999997,506.48,0.2720000000000482,3,0.0,post,2
506.48,506.52799999999996,0.047999999999944976,1,0.0,inactive,2
506.52799999999996,506.75199999999995,0.22399999999998954,0,0.0,pre,2
506.75199999999995,506.96,0.20800000000002683,2,0.0,scan,2
506.96,507.328,0.367999999999995,1,0.0,post,2
507.328,507.568,0.2400000000000091,0,0.0,inactive,2
507.568,507.74399999999997,0.17599999999998772,2,0.0,pre,2
507.74399999999997,507.82399999999996,0.07999999999998408,1,0.0,scan,2
507.82399999999996,508.06399999999996,0.2400000000000091,3,0.0,post,2
508.06399999999996,508.144,0.08000000000004093,1,0.0,inactive,2
508.144,508.352,0.20799999999997,0,0.0,pre,2
508.352,508.544,0.19200000000000728,2,0.0,scan,2
508.544,508.62399999999997,0.07999999999998408,1,0.0,post,2
508.62399999999997,508.89599999999996,0.27199999999999136,3,0.0,inactive,2
508.89599999999996,508.912,0.016000000000019554,1,0.0,pre,2
508.912,509.152,0.2400000000000091,0,0.0,scan,2
509.152,509.344,0.19200000000000728,2,0.0,post,2
509.344,509.74399999999997,0.39999999999997726,1,0.0,inactive,2
509.74399999999997,509.96799999999996,0.22399999999998954,0,0.0,pre,2
509.96799999999996,510.144,0.17600000000004457,2,0.0,scan,2
510.144,510.224,0.07999999999998408,1,0.0,post,2
510.224,510.48,0.25600000000002865,3,0.0,inactive,2
510.48,510.544,0.06399999999996453,1,0.0,pre,2
510.544,510.736,0.19200000000000728,0,0.0,scan,2
510.736,510.94399999999996,0.20799999999997,2,0.0,post,2
510.94399999999996,511.03999999999996,0.09600000000000364,1,0.0,inactive,2
511.03999999999996,511.296,0.25600000000002865,3,0.0,pre,2
511.296,511.312,0.016000000000019554,1,0.0,scan,2
511.312,511.55199999999996,0.23999999999995225,0,0.0,post,2
511.55199999999996,511.74399999999997,0.19200000000000728,2,0.0,inactive,2
511.74399999999997,512.1279999999999,0.3839999999999577,1,0.0,pre,2
512.1279999999999,512.3679999999999,0.2400000000000091,0,0.0,scan,2
512.3679999999999,512.544,0.17600000000004457,2,0.0,post,2
512.544,512.64,0.09600000000000364,1,0.0,inactive,2
512.64,512.896,0.2559999999999718,3,0.0,pre,2
512.896,512.928,0.03200000000003911,1,0.0,scan,2
512.928,513.168,0.2400000000000091,0,0.0,post,2
513.168,513.3439999999999,0.17599999999993088,2,0.0,inactive,2
513.3439999999999,513.456,0.11200000000008004,1,0.0,pre,2
513.456,513.664,0.20799999999997,3,0.0,scan,2
513.664,513.744,0.08000000000004093,1,0.0,post,2
513.744,513.952,0.20799999999997,0,0.0,inactive,2
513.952,514.144,0.19200000000000728,2,0.0,pre,2
514.144,514.2239999999999,0.07999999999992724,1,0.0,scan,2
514.2239999999999,514.448,0.22400000000004638,3,0.0,post,2
514.448,514.528,0.08000000000004093,1,0.0,inactive,2
514.528,514.768,0.2400000000000091,0,0.0,pre,2
514.768,514.944,0.17599999999993088,2,0.0,scan,2
514.944,515.056,0.11200000000008004,1,0.0,post,2
515.056,515.28,0.2239999999999327,3,0.0,inactive,2
515.28,515.328,0.04800000000000182,1,0.0,pre,2
515.328,515.552,0.22400000000004638,0,0.0,scan,2
515.552,515.744,0.19200000000000728,2,0.0,post,2
515.744,515.856,0.11199999999996635,1,0.0,inactive,2
515.856,516.064,0.20799999999997,3,0.0,pre,2
516.064,516.144,0.08000000000004093,1,0.0,scan,2
516.144,516.352,0.20799999999997,0,0.0,post,2
516.352,516.544,0.19200000000000728,2,0.0,inactive,2
516.544,516.608,0.06399999999996453,1,0.0,pre,2
516.608,516.896,0.2880000000000109,3,0.0,scan,2
516.896,516.928,0.03200000000003911,1,0.0,post,2
516.928,517.168,0.2400000000000091,0,0.0,inactive,2
517.168,517.3439999999999,0.17599999999993088,2,0.0,pre,2
517.3439999999999,517.744,0.40000000000009095,1,0.0,scan,2
517.744,517.952,0.20799999999997,0,0.0,post,2
517.952,518.144,0.19200000000000728,2,0.0,inactive,2
518.144,518.24,0.09600000000000364,1,0.0,pre,2
518.24,518.4639999999999,0.2239999999999327,3,0.0,scan,2
518.4639999999999,518.544,0.08000000000004093,1,0.0,post,2
518.544,518.768,0.22400000000004638,0,0.0,inactive,2
518.768,518.944,0.17599999999993088,2,0.0,pre,2
518.944,519.024,0.08000000000004093,1,0.0,scan,2
519.024,519.2959999999999,0.2719999999999345,3,0.0,post,2
519.2959999999999,519.328,0.03200000000003911,1,0.0,inactive,2
519.328,519.568,0.2400000000000091,0,0.0,pre,2
519.568,519.744,0.17600000000004457,2,0.0,scan,2
519.744,520.1279999999999,0.38399999999990087,1,0.0,post,2
520.1279999999999,520.3679999999999,0.2400000000000091,0,0.0,inactive,2
520.3679999999999,520.544,0.17600000000004457,2,0.0,pre,2
520.544,520.624,0.08000000000004093,1,0.0,scan,2
520.624,520.88,0.2559999999999718,3,0.0,post,2
520.88,520.944,0.06399999999996453,1,0.0,inactive,2
520.944,521.136,0.19200000000000728,0,0.0,pre,2
521.136,521.3439999999999,0.20799999999997,2,0.0,scan,2
521.3439999999999,521.4399999999999,0.09600000000000364,1,0.0,post,2
521.4399999999999,521.68,0.2400000000000091,3,0.0,inactive,2
521.68,521.728,0.04800000000000182,1,0.0,pre,2
521.728,521.952,0.22400000000004638,0,0.0,scan,2
521.952,522.144,0.19200000000000728,2,0.0,post,2
522.144,522.528,0.38400000000001455,1,0.0,inactive,2
522.528,522.544,0.01599999999996271,2,0.0,pre,2
522.544,522.752,0.20799999999997,0,0.0,scan,2
522.752,522.944,0.19200000000000728,2,0.0,post,2
522.944,523.024,0.08000000000004093,1,0.0,inactive,2
523.024,523.28,0.2559999999999718,3,0.0,pre,2
523.28,523.3439999999999,0.06399999999996453,1,0.0,scan,2
523.3439999999999,523.568,0.22400000000004638,0,0.0,post,2
523.568,523.744,0.17600000000004457,2,0.0,inactive,2
523.744,523.84,0.09600000000000364,1,0.0,pre,2
523.84,524.0799999999999,0.2399999999998954,3,0.0,scan,2
524.0799999999999,524.1279999999999,0.04800000000000182,1,0.0,post,2
524.1279999999999,524.336,0.20800000000008367,0,0.0,inactive,2
524.336,524.544,0.20799999999997,2,0.0,pre,2
524.544,524.672,0.12800000000004275,1,0.0,scan,2
524.672,524.8,0.12799999999992906,3,0.0,post,2
524.8,524.928,0.12800000000004275,1,0.0,inactive,2
524.928,524.944,0.01599999999996271,2,0.0,pre,2
524.944,525.168,0.22400000000004638,0,0.0,scan,2
525.168,525.3439999999999,0.17599999999993088,2,0.0,post,2
525.3439999999999,525.456,0.11200000000008004,1,0.0,inactive,2
525.456,525.696,0.2400000000000091,3,0.0,pre,2
525.696,525.744,0.04800000000000182,1,0.0,scan,2
525.744,525.968,0.2239999999999327,0,0.0,post,2
525.968,526.144,0.17600000000004457,2,0.0,inactive,2
526.144,526.256,0.11199999999996635,1,0.0,pre,2
526.256,526.4639999999999,0.20799999999997,3,0.0,scan,2
526.4639999999999,526.544,0.08000000000004093,1,0.0,post,2
526.544,526.752,0.20799999999997,0,0.0,inactive,2
526.752,526.944,0.19200000000000728,2,0.0,pre,2
526.944,527.024,0.08000000000004093,1,0.0,scan,2
527.024,527.248,0.22400000000004638,3,0.0,post,2
527.248,527.328,0.07999999999992724,1,0.0,inactive,2
527.328,527.552,0.22400000000004638,0,0.0,pre,2
527.552,527.7439999999999,0.1919999999998936,2,0.0,scan,2
527.7439999999999,527.952,0.20800000000008367,1,0.0,post,2
527.952,528.064,0.11199999999996635,3,0.0,inactive,2
528.064,528.1279999999999,0.06399999999996453,1,0.0,pre,2
528.1279999999999,528.352,0.22400000000004638,0,0.0,scan,2
528.352,528.544,0.19200000000000728,2,0.0,post,2
528.544,528.64,0.09600000000000364,1,0.0,inactive,2
528.64,528.848,0.20799999999997,3,0.0,pre,2
528.848,528.944,0.09600000000000364,1,0.0,scan,2
528.944,528.96,0.016000000000076398,2,0.0,post,2
528.96,529.152,0.19200000000000728,0,0.0,inactive,2
529.152,529.344,0.19200000000000728,2,0.0,pre,2
529.344,529.408,0.06399999999996453,1,0.0,scan,2
529.408,529.68,0.2719999999999345,3,0.0,post,2
529.68,529.728,0.04800000000000182,1,0.0,inactive,2
529.728,529.952,0.22400000000004638,0,0.0,pre,2
529.952,530.16,0.20799999999997,2,0.0,scan,2
530.16,530.528,0.36800000000005184,1,0.0,post,2
530.528,530.784,0.2559999999999718,0,0.0,inactive,2
530.784,530.944,0.15999999999996817,2,0.0,pre,2
530.944,531.04,0.09600000000000364,1,0.0,scan,2
531.04,531.264,0.22400000000004638,3,0.0,post,2
531.264,531.344,0.08000000000004093,1,0.0,inactive,2
531.344,531.568,0.2239999999999327,0,0.0,pre,2
531.568,531.7439999999999,0.17599999999993088,2,0.0,scan,2
531.7439999999999,531.824,0.08000000000004093,1,0.0,post,2
531.824,532.112,0.2880000000000109,3,0.0,inactive,2
532.112,532.3679999999999,0.2559999999999718,0,0.0,pre,2
532.3679999999999,532.544,0.17600000000004457,2,0.0,scan,2
532.544,532.944,0.39999999999997726,1,0.0,post,2
532.944,533.168,0.22400000000004638,0,0.0,inactive,2
533.168,533.344,0.17600000000004457,2,0.0,pre,2
533.344,533.4399999999999,0.09599999999988995,1,0.0,scan,2
533.4399999999999,533.68,0.2400000000000091,3,0.0,post,2
533.68,533.7439999999999,0.06399999999996453,1,0.0,inactive,2
533.7439999999999,533.9839999999999,0.2400000000000091,0,0.0,pre,2
533.9839999999999,534.1279999999999,0.14400000000000546,2,0.0,scan,2
534.1279999999999,534.24,0.11200000000008004,1,0.0,post,2
534.24,534.496,0.2559999999999718,3,0.0,inactive,2
534.496,534.512,0.01599999999996271,1,0.0,pre,2
534.512,534.752,0.2400000000000091,0,0.0,scan,2
534.752,534.944,0.19200000000000728,2,0.0,post,2
534.944,535.344,0.40000000000009095,1,0.0,inactive,2
535.344,535.584,0.2399999999998954,0,0.0,pre,2
535.584,535.7439999999999,0.15999999999996817,2,0.0,scan,2
535.7439999999999,535.824,0.08000000000004093,1,0.0,post,2
535.824,536.0799999999999,0.2559999999999718,3,0.0,inactive,2
536.0799999999999,536.144,0.06400000000007822,1,0.0,pre,2
536.144,536.336,0.19200000000000728,0,0.0,scan,2
536.336,536.544,0.20799999999997,2,0.0,post,2
536.544,536.64,0.09600000000000364,1,0.0,inactive,2
536.64,536.88,0.2400000000000091,3,0.0,pre,2
536.88,536.928,0.04800000000000182,1,0.0,scan,2
536.928,537.152,0.22400000000004638,0,0.0,post,2
537.152,537.344,0.19200000000000728,2,0.0,inactive,2
537.344,537.4399999999999,0.09599999999988995,1,0.0,pre,2
537.4399999999999,537.632,0.19200000000000728,3,0.0,scan,2
537.632,537.7439999999999,0.11199999999996635,1,0.0,post,2
537.7439999999999,537.968,0.22400000000004638,0,0.0,inactive,2
537.968,538.16,0.19200000000000728,2,0.0,pre,2
538.16,538.288,0.12800000000004275,1,0.0,scan,2
538.288,538.4639999999999,0.17599999999993088,3,0.0,post,2
538.4639999999999,538.528,0.06400000000007822,1,0.0,inactive,2
538.528,538.784,0.2559999999999718,0,0.0,pre,2
538.784,538.944,0.15999999999996817,2,0.0,scan,2
538.944,539.072,0.12800000000004275,1,0.0,post,2
539.072,539.248,0.17600000000004457,3,0.0,inactive,2
539.248,539.344,0.09600000000000364,1,0.0,pre,2
539.344,539.568,0.2239999999999327,0,0.0,scan,2
539.568,539.7439999999999,0.17599999999993088,2,0.0,post,2
539.7439999999999,539.808,0.06400000000007822,1,0.0,inactive,2
539.808,540.0799999999999,0.2719999999999345,3,0.0,pre,2
540.0799999999999,540.1279999999999,0.04800000000000182,1,0.0,scan,2
540.1279999999999,540.3679999999999,0.2400000000000091,0,0.0,post,2
540.3679999999999,540.544,0.17600000000004457,2,0.0,inactive,2
540.544,540.928,0.38400000000001455,1,0.0,pre,2
540.928,541.168,0.2400000000000091,0,0.0,scan,2
541.168,541.344,0.17600000000004457,2,0.0,post,2
541.344,541.4399999999999,0.09599999999988995,1,0.0,inactive,2
541.4399999999999,541.664,0.22400000000004638,3,0.0,pre,2
541.664,541.7439999999999,0.07999999999992724,1,0.0,scan,2
541.7439999999999,541.968,0.22400000000004638,0,0.0,post,2
541.968,542.144,0.17600000000004457,2,0.0,inactive,2
542.144,542.208,0.06399999999996453,1,0.0,pre,2
542.208,542.496,0.2880000000000109,3,0.0,scan,2
542.496,542.528,0.03200000000003911,1,0.0,post,2
542.528,542.768,0.2400000000000091,0,0.0,inactive,2
542.768,542.944,0.17599999999993088,2,0.0,pre,2
542.944,543.328,0.38400000000001455,1,0.0,scan,2
543.328,543.584,0.2559999999999718,0,0.0,post,2
543.584,543.7439999999999,0.15999999999996817,2,0.0,inactive,2
543.7439999999999,543.8399999999999,0.09600000000000364,1,0.0,pre,2
543.8399999999999,544.064,0.22400000000004638,3,0.0,scan,2
544.064,544.144,0.08000000000004093,1,0.0,post,2
544.144,544.3679999999999,0.2239999999999327,0,0.0,inactive,2
544.3679999999999,544.544,0.17600000000004457,2,0.0,pre,2
544.544,544.624,0.08000000000004093,1,0.0,scan,2
544.624,544.912,0.2880000000000109,3,0.0,post,2
544.912,545.184,0.2719999999999345,0,0.0,inactive,2
545.184,545.344,0.16000000000008185,2,0.0,pre,2
545.344,545.7439999999999,0.3999999999998636,1,0.0,scan,2
545.7439999999999,545.968,0.22400000000004638,0,0.0,post,2
545.968,546.144,0.17600000000004457,2,0.0,inactive,2
546.144,546.24,0.09600000000000364,1,0.0,pre,2
546.24,546.48,0.2400000000000091,3,0.0,scan,2
546.48,546.544,0.06399999999996453,1,0.0,post,2
546.544,546.752,0.20799999999997,0,0.0,inactive,2
546.752,546.944,0.19200000000000728,2,0.0,pre,2
546.944,547.04,0.09600000000000364,1,0.0,scan,2
547.04,547.312,0.2720000000000482,3,0.0,post,2
547.312,547.568,0.2559999999999718,0,0.0,inactive,2
547.568,547.7439999999999,0.17599999999993088,2,0.0,pre,2
547.7439999999999,548.1279999999999,0.38400000000001455,1,0.0,scan,2
548.1279999999999,548.16,0.03200000000003911,2,0.0,post,2
548.16,548.352,0.19200000000000728,0,0.0,inactive,2
548.352,548.544,0.19200000000000728,2,0.0,pre,2
548.544,548.64,0.09600000000000364,1,0.0,scan,2
548.64,548.88,0.2400000000000091,3,0.0,post,2
548.88,548.944,0.06399999999996453,1,0.0,inactive,2
548.944,549.152,0.20800000000008367,0,0.0,pre,2
549.152,549.344,0.19200000000000728,2,0.0,scan,2
549.344,549.4399999999999,0.09599999999988995,1,0.0,post,2
549.4399999999999,549.664,0.22400000000004638,3,0.0,inactive,2
549.664,549.7439999999999,0.07999999999992724,1,0.0,pre,2
549.7439999999999,549.9839999999999,0.2400000000000091,0,0.0,scan,2
549.9839999999999,550.144,0.16000000000008185,2,0.0,post,2
550.144,550.2239999999999,0.07999999999992724,1,0.0,inactive,2
550.2239999999999,550.448,0.22400000000004638,3,0.0,pre,2
550.448,550.528,0.08000000000004093,1,0.0,scan,2
550.528,550.768,0.2400000000000091,0,0.0,post,2
550.768,550.944,0.17599999999993088,2,0.0,inactive,2
550.944,551.072,0.12800000000004275,1,0.0,pre,2
551.072,551.28,0.20799999999997,3,0.0,scan,2
551.28,551.328,0.04800000000000182,1,0.0,post,2
551.328,551.568,0.2400000000000091,0,0.0,inactive,2
551.568,551.7439999999999,0.17599999999993088,2,0.0,pre,2
551.7439999999999,551.856,0.11200000000008004,1,0.0,scan,2
551.856,552.064,0.20799999999997,3,0.0,post,2
552.064,552.144,0.08000000000004093,1,0.0,inactive,2
552.144,552.3679999999999,0.2239999999999327,0,0.0,pre,2
552.3679999999999,552.544,0.17600000000004457,2,0.0,scan,2
552.544,552.624,0.08000000000004093,1,0.0,post,2
552.624,552.88,0.2559999999999718,3,0.0,inactive,2
552.88,552.928,0.04800000000000182,1,0.0,pre,2
552.928,553.168,0.2400000000000091,0,0.0,scan,2
553.168,553.344,0.17600000000004457,2,0.0,post,2
553.344,553.728,0.38399999999990087,1,0.0,inactive,2
553.728,553.968,0.2400000000000091,0,0.0,pre,2
553.968,554.144,0.17600000000004457,2,0.0,scan,2
554.144,554.24,0.09600000000000364,1,0.0,post,2
554.24,554.4639999999999,0.2239999999999327,3,0.0,inactive,2
554.4639999999999,554.56,0.09600000000000364,1,0.0,pre,2
554.56,554.768,0.20800000000008367,0,0.0,scan,2
554.768,554.944,0.17599999999993088,2,0.0,post,2
554.944,555.024,0.08000000000004093,1,0.0,inactive,2
555.024,555.28,0.2559999999999718,3,0.0,pre,2
555.28,555.328,0.04800000000000182,1,0.0,scan,2
555.328,555.568,0.2400000000000091,0,0.0,post,2
555.568,555.76,0.19200000000000728,2,0.0,inactive,2
555.76,556.1279999999999,0.36799999999993815,1,0.0,pre,2
556.1279999999999,556.3679999999999,0.2400000000000091,0,0.0,scan,2
556.3679999999999,556.544,0.17600000000004457,2,0.0,post,2
556.544,556.64,0.09600000000000364,1,0.0,inactive,2
556.64,556.88,0.2400000000000091,3,0.0,pre,2
556.88,556.944,0.06399999999996453,1,0.0,scan,2
556.944,557.168,0.22400000000004638,0,0.0,post,2
557.168,557.344,0.17600000000004457,2,0.0,inactive,2
557.344,557.424,0.07999999999992724,1,0.0,pre,2
557.424,557.712,0.2880000000000109,3,0.0,scan,2
557.712,557.968,0.2559999999999718,0,0.0,post,2
557.968,558.144,0.17600000000004457,2,0.0,inactive,2
558.144,558.528,0.38400000000001455,1,0.0,pre,2
558.528,558.56,0.03199999999992542,2,0.0,scan,2
558.56,558.768,0.20800000000008367,0,0.0,post,2
558.768,558.944,0.17599999999993088,2,0.0,inactive,2
558.944,559.04,0.09600000000000364,1,0.0,pre,2
559.04,559.28,0.2400000000000091,3,0.0,scan,2
559.28,559.344,0.06400000000007822,1,0.0,post,2
559.344,559.552,0.20799999999997,0,0.0,inactive,2
559.552,559.7439999999999,0.1919999999998936,2,0.0,pre,2
559.7439999999999,559.8399999999999,0.09600000000000364,1,0.0,scan,2
559.8399999999999,560.112,0.2720000000000482,3,0.0,post,2
560.112,560.3679999999999,0.2559999999999718,0,0.0,inactive,2
560.3679999999999,560.544,0.17600000000004457,2,0.0,pre,2
560.544,560.64,0.09600000000000364,1,0.0,scan,2
560.64,560.8,0.15999999999996817,3,0.0,post,2
560.8,560.944,0.14400000000000546,1,0.0,inactive,2
560.944,561.168,0.22400000000004638,0,0.0,pre,2
561.168,561.344,0.17600000000004457,2,0.0,scan,2
561.344,561.456,0.11199999999996635,1,0.0,post,2
561.456,561.6959999999999,0.2399999999998954,3,0.0,inactive,2
561.6959999999999,561.728,0.03200000000003911,1,0.0,pre,2
561.728,561.968,0.2400000000000091,0,0.0,scan,2
561.968,562.144,0.17600000000004457,2,0.0,post,2
